{
  "Get list user unknoown" : {
    "transaction" : "Get list user unknoown",
    "sampleCount" : 20,
    "errorCount" : 0,
    "errorPct" : 0.0,
    "meanResTime" : 23.549999999999997,
    "medianResTime" : 22.5,
    "minResTime" : 17.0,
    "maxResTime" : 36.0,
    "pct1ResTime" : 30.700000000000006,
    "pct2ResTime" : 35.75,
    "pct3ResTime" : 36.0,
    "throughput" : 0.013288921756822034,
    "receivedKBytesPerSec" : 0.020796383901667295,
    "sentKBytesPerSec" : 0.0015962279063370217
  },
  "Create Post" : {
    "transaction" : "Create Post",
    "sampleCount" : 20,
    "errorCount" : 0,
    "errorPct" : 0.0,
    "meanResTime" : 1618.95,
    "medianResTime" : 1624.0,
    "minResTime" : 961.0,
    "maxResTime" : 2006.0,
    "pct1ResTime" : 2006.0,
    "pct2ResTime" : 2006.0,
    "pct3ResTime" : 2006.0,
    "throughput" : 0.01327071326102564,
    "receivedKBytesPerSec" : 0.011596970470340619,
    "sentKBytesPerSec" : 0.003019605654120092
  },
  "update data" : {
    "transaction" : "update data",
    "sampleCount" : 20,
    "errorCount" : 0,
    "errorPct" : 0.0,
    "meanResTime" : 393.45,
    "medianResTime" : 389.0,
    "minResTime" : 375.0,
    "maxResTime" : 421.0,
    "pct1ResTime" : 419.8,
    "pct2ResTime" : 420.95,
    "pct3ResTime" : 421.0,
    "throughput" : 0.013285823229464769,
    "receivedKBytesPerSec" : 0.011508325395053953,
    "sentKBytesPerSec" : 0.0031268392561533288
  },
  "Get single user" : {
    "transaction" : "Get single user",
    "sampleCount" : 20,
    "errorCount" : 0,
    "errorPct" : 0.0,
    "meanResTime" : 96.85000000000001,
    "medianResTime" : 29.0,
    "minResTime" : 16.0,
    "maxResTime" : 268.0,
    "pct1ResTime" : 266.8,
    "pct2ResTime" : 267.95,
    "pct3ResTime" : 268.0,
    "throughput" : 0.013285276061393918,
    "receivedKBytesPerSec" : 0.015438943860408947,
    "sentKBytesPerSec" : 0.0015957899956557148
  },
  "Total" : {
    "transaction" : "Total",
    "sampleCount" : 110,
    "errorCount" : 10,
    "errorPct" : 9.090909,
    "meanResTime" : 438.2909090909089,
    "medianResTime" : 267.5,
    "minResTime" : 16.0,
    "maxResTime" : 2006.0,
    "pct1ResTime" : 1624.0,
    "pct2ResTime" : 1962.549999999999,
    "pct3ResTime" : 2006.0,
    "throughput" : 0.07294279759500966,
    "receivedKBytesPerSec" : 0.13450252970595433,
    "sentKBytesPerSec" : 0.011805284092303144
  },
  "Get  single user not found" : {
    "transaction" : "Get  single user not found",
    "sampleCount" : 10,
    "errorCount" : 10,
    "errorPct" : 100.0,
    "meanResTime" : 380.30000000000007,
    "medianResTime" : 381.5,
    "minResTime" : 355.0,
    "maxResTime" : 399.0,
    "pct1ResTime" : 397.9,
    "pct2ResTime" : 399.0,
    "pct3ResTime" : 399.0,
    "throughput" : 24.509803921568626,
    "receivedKBytesPerSec" : 185.63064874387257,
    "sentKBytesPerSec" : 3.039790134803922
  },
  "Get Post" : {
    "transaction" : "Get Post",
    "sampleCount" : 20,
    "errorCount" : 0,
    "errorPct" : 0.0,
    "meanResTime" : 87.64999999999999,
    "medianResTime" : 32.5,
    "minResTime" : 23.0,
    "maxResTime" : 306.0,
    "pct1ResTime" : 305.0,
    "pct2ResTime" : 305.95,
    "pct3ResTime" : 306.0,
    "throughput" : 0.013285231936900462,
    "receivedKBytesPerSec" : 0.025078470052762297,
    "sentKBytesPerSec" : 0.0016606539921125577
  }
}